, Unit1-01, Unit1-02, Unit1-03, Unit1-04, Unit1-05, Unit1-06, Unit1-07
Michael, 99, 90, 65, 55, 77, 65, 93
Christopher, 90, 90, 77, 99, 72, 76, 64
Jessica, 68, 63, 54, 97, 50, 70, 55
Matthew, 73, 50, 76, 55, 58, 93, 65
Ashley, 93, 76, 86, 55, 67, 66, 51
Jennifer, 87, 72, 54, 89, 70, 87, 89
Joshua, 62, 80, 50, 82, 60, 56, 93
Amanda, 89, 79, 67, 90, 89, 74, 77
Daniel, 57, 74, 97, 92, 77, 58, 94
David, 78, 99, 63, 97, 95, 55, 53
James, 64, 88, 53, 95, 74, 82, 64
Robert, 60, 59, 88, 65, 60, 70, 92
John, 76, 66, 79, 50, 66, 58, 89
Joseph, 64, 81, 62, 53, 84, 97, 93
Andrew, 69, 56, 66, 86, 73, 97, 97
Ryan, 74, 61, 57, 87, 83, 73, 90
Brandon, 97, 83, 51, 81, 87, 50, 93
Jason, 93, 71, 75, 50, 83, 98, 54
Justin, 74, 97, 61, 54, 54, 64, 73
Sarah, 82, 76, 83, 87, 56, 86, 66
